{
    "train_loss": [
        1.6339032012759171,
        1.3735409628502238,
        1.3135528279449185,
        1.3083784313217055,
        1.2781702344430828,
        1.272126816207213,
        1.2750608226058027,
        1.243990554612624,
        1.2334219370217812,
        1.2148391693901504,
        1.2427881394614295,
        1.2147543826114573,
        1.235360314109384,
        1.1876947356179368,
        1.2048169763624148,
        1.2232597988687686,
        1.1708630830925357,
        1.2271515677333162,
        1.1893862618445592,
        1.226608813235076,
        1.2010416839688993,
        1.1706358160264345,
        1.1709088870132605,
        1.1720457711420522,
        1.1457368336659373,
        1.135924180411838,
        1.14809004383678,
        1.1302797482826106,
        1.1388373430803524,
        1.1624477296901943,
        1.1217706603981181,
        1.1288888767846905,
        1.128350688030646,
        1.1341849873707917,
        1.1581291512802918,
        1.1335515381325987,
        1.1242506551875113,
        1.1255492519252919,
        1.168473400607575,
        1.113173557047431
    ],
    "train_acc": [
        33.677521842732325,
        41.10405083399523,
        46.30659253375695,
        45.035742652899124,
        47.41858617950754,
        45.830023828435266,
        45.11517077045274,
        48.80857823669579,
        45.552025416997616,
        47.02144559173948,
        46.50516282764099,
        47.06115965051628,
        46.266878474980146,
        50.0,
        46.70373312152502,
        47.10087370929309,
        49.08657664813344,
        47.934868943606034,
        48.610007942811755,
        47.89515488482923,
        48.451151707704526,
        51.111993645750594,
        50.35742652899126,
        50.03971405877681,
        50.15885623510723,
        51.31056393963463,
        51.628276409849086,
        51.7077045274027,
        50.23828435266084,
        51.31056393963463,
        51.111993645750594,
        51.945988880063545,
        51.350277998411435,
        53.891977760127084,
        50.953137410643365,
        52.22398729150119,
        51.826846703733125,
        52.065131056393966,
        49.76171564733916,
        51.429706115965054
    ],
    "val_loss": [
        1.4102442449993557,
        1.2241278630715828,
        1.3433189948399862,
        1.19899402724372,
        1.142487124160484,
        1.1893926858901978,
        1.1023990295551442,
        1.0566172383449697,
        1.071280183615508,
        1.113869916068183,
        1.1939980215496486,
        1.0548102016802188,
        1.1819423966937594,
        1.197171926498413,
        1.1937372790442573,
        1.083046305179596,
        1.081687511338128,
        1.1174793300805268,
        1.1190039970256664,
        1.0812397965678462,
        1.0601371743060923,
        1.0319206308435511,
        1.0122828187765898,
        1.0643175045649211,
        1.0910911935347098,
        0.9887213870331093,
        1.0592821447937577,
        0.9883693898165667,
        1.0017967232951412,
        1.0858254432678223,
        1.0177525339303193,
        1.0048192134609928,
        1.058666929492244,
        1.0626939513065197,
        1.0922906575379547,
        0.953056087758806,
        1.005719761495237,
        1.0114826025786223,
        1.0145977492685672,
        0.9998296870125665
    ],
    "val_acc": [
        38.333333333333336,
        50.0,
        44.629629629629626,
        52.407407407407405,
        53.148148148148145,
        43.148148148148145,
        43.888888888888886,
        56.851851851851855,
        50.0,
        53.51851851851852,
        43.7037037037037,
        53.888888888888886,
        47.96296296296296,
        46.48148148148148,
        42.96296296296296,
        56.851851851851855,
        51.666666666666664,
        44.629629629629626,
        53.148148148148145,
        53.333333333333336,
        55.18518518518518,
        48.888888888888886,
        49.629629629629626,
        56.851851851851855,
        48.51851851851852,
        59.81481481481482,
        50.74074074074074,
        52.407407407407405,
        50.55555555555556,
        51.111111111111114,
        55.925925925925924,
        62.03703703703704,
        55.18518518518518,
        51.851851851851855,
        44.25925925925926,
        57.77777777777778,
        50.74074074074074,
        61.111111111111114,
        59.81481481481482,
        58.333333333333336
    ]
}