{
    "train_loss": [
        0.9042407075406257,
        0.8857422123549948,
        0.8972284407062697,
        0.8512817261425439,
        0.8491238366525452,
        0.834725130210328,
        0.8129009278735251,
        0.7788276893927807,
        0.7624173600868728,
        0.768107869257711,
        0.7542485907212243,
        0.7597005826031243,
        0.7564169765465595,
        0.7716822996794751,
        0.7294711943558988,
        0.7361662785527818,
        0.7454685852393165,
        0.70595027706375,
        0.7344463445346823,
        0.7065428307456001,
        0.6724244269991413,
        0.6819937015166824,
        0.698719643287189,
        0.669798692130588,
        0.6923993169267183,
        0.6726723687813526,
        0.6710728143206468,
        0.6487596827996355,
        0.651238881234994,
        0.6707445144463949,
        0.6469656247482876,
        0.6607714500855225
    ],
    "train_acc": [
        63.065925337569496,
        62.23193010325655,
        61.9142176330421,
        65.56791104050833,
        65.44876886417792,
        65.56791104050833,
        65.76648133439238,
        67.79189833200952,
        68.62589356632249,
        67.67275615567911,
        68.58617950754568,
        68.50675138999206,
        68.90389197776013,
        67.5536139793487,
        70.21445591739476,
        68.54646544876887,
        67.75218427323273,
        70.37331215250198,
        69.14217633042097,
        70.29388403494838,
        71.40587768069896,
        71.28673550436855,
        71.24702144559174,
        71.88244638602065,
        71.72359015091342,
        71.52501985702939,
        71.40587768069896,
        73.15329626687847,
        72.63701350277998,
        71.20730738681493,
        73.07386814932487,
        72.2001588562351
    ],
    "val_loss": [
        0.7870971348550585,
        0.7891062979344968,
        0.7700215807667485,
        0.7163340603863751,
        0.7339643972891349,
        0.7088897577038518,
        0.6666086011462742,
        0.6393113277576588,
        0.6343992559998124,
        0.6486482156647576,
        0.6396253254678514,
        0.6376486738522847,
        0.6114491599577444,
        0.6294479383362664,
        0.6008567770322164,
        0.6227149654317785,
        0.6097993850708008,
        0.5930298094396238,
        0.5819273595456724,
        0.5609309664479009,
        0.5628301236364577,
        0.5532523667370831,
        0.5566689610481262,
        0.585485953313333,
        0.5296296587696782,
        0.521700895274127,
        0.5370871040556165,
        0.5367773846343712,
        0.5370506229224028,
        0.5180291012481407,
        0.52195564949954,
        0.5235395709673564
    ],
    "val_acc": [
        75.0,
        69.81481481481482,
        73.14814814814815,
        75.0,
        69.62962962962963,
        70.0,
        75.92592592592592,
        78.70370370370371,
        79.44444444444444,
        75.0,
        79.81481481481481,
        73.70370370370371,
        80.92592592592592,
        78.14814814814814,
        75.74074074074075,
        75.55555555555556,
        78.88888888888889,
        78.51851851851852,
        80.74074074074075,
        80.37037037037037,
        81.66666666666667,
        83.51851851851852,
        82.77777777777777,
        80.37037037037037,
        83.14814814814815,
        82.5925925925926,
        82.22222222222221,
        80.92592592592592,
        81.85185185185185,
        82.03703703703704,
        82.4074074074074,
        82.96296296296296
    ],
    "lr_evolution": [
        0.0001,
        0.0001,
        0.0001,
        0.0001,
        0.0001,
        0.0001,
        5e-05,
        5e-05,
        5e-05,
        5e-05,
        5e-05,
        5e-05,
        5e-05,
        5e-05,
        5e-05,
        5e-05,
        5e-05,
        5e-05,
        2.5e-05,
        2.5e-05,
        2.5e-05,
        2.5e-05,
        2.5e-05,
        2.5e-05,
        2.5e-05,
        2.5e-05,
        2.5e-05,
        1.25e-05,
        1.25e-05,
        1.25e-05,
        1.25e-05,
        1.25e-05
    ]
}