{
    "train_loss": [
        0.6579405630363937,
        0.6578770258106629,
        0.6485833894458435,
        0.6376960583392167,
        0.6507321538860784,
        0.6188121022356229,
        0.6362597412112405,
        0.6055870129533757,
        0.6047821595519189,
        0.6028912729739764,
        0.6009571610034885,
        0.5920637800307195,
        0.5942018244643359,
        0.5837075644016645,
        0.578060592423364,
        0.6011056264683403,
        0.5986937224817617,
        0.5769272708438331,
        0.592285380749782,
        0.560458463818616,
        0.5675444334532365,
        0.5776460019248738,
        0.5699560272494794,
        0.5782737448823366,
        0.5597753681248384,
        0.5702430823665464,
        0.5639872266670557,
        0.5530690755325238,
        0.5720319621519402,
        0.5562004776016126,
        0.5442931027616935,
        0.5650703064310257,
        0.5678617341164277
    ],
    "train_acc": [
        71.88244638602065,
        72.08101667990469,
        71.60444797458301,
        73.31215250198571,
        71.40587768069896,
        73.78872120730739,
        73.19301032565528,
        74.58300238284352,
        74.54328832406671,
        75.5361397934869,
        75.69499602859412,
        75.21842732327244,
        74.06671961874504,
        75.41699761715648,
        76.48927720413026,
        74.74185861795075,
        74.58300238284352,
        76.17156473391582,
        76.21127879269261,
        76.84670373312153,
        77.2835583796664,
        75.73471008737093,
        76.96584590945194,
        75.69499602859412,
        78.07783955520254,
        76.56870532168386,
        76.05242255758539,
        76.48927720413026,
        75.81413820492455,
        77.20413026211278,
        77.8395552025417,
        77.2438443208896,
        75.81413820492455
    ],
    "val_loss": [
        0.5299741634616145,
        0.5117501585571854,
        0.5143829813709966,
        0.510139388066751,
        0.5124050890957867,
        0.500319794813792,
        0.4989046392617402,
        0.48527729908625283,
        0.48019663801899665,
        0.47081995496043455,
        0.4717336447150619,
        0.480393021636539,
        0.5039718420417221,
        0.47504195548869943,
        0.46549214124679567,
        0.46891649740713615,
        0.4620477866243433,
        0.468911933015894,
        0.47430764525024977,
        0.45938647367336133,
        0.46926068773976076,
        0.45576152006785076,
        0.4554988194394995,
        0.4547221016000818,
        0.4536475993968822,
        0.43443794118033513,
        0.4547248853577508,
        0.4427511299097979,
        0.45233401369165493,
        0.4581703181619997,
        0.4487204953476235,
        0.44413152756514374,
        0.44668037052507753
    ],
    "val_acc": [
        82.22222222222221,
        83.33333333333334,
        83.14814814814815,
        82.5925925925926,
        83.88888888888889,
        82.96296296296296,
        83.7037037037037,
        84.81481481481481,
        83.7037037037037,
        84.44444444444444,
        84.81481481481481,
        83.7037037037037,
        80.92592592592592,
        84.44444444444444,
        84.07407407407408,
        85.37037037037038,
        85.18518518518519,
        83.51851851851852,
        84.62962962962963,
        85.18518518518519,
        84.07407407407408,
        85.37037037037038,
        86.11111111111111,
        85.37037037037038,
        84.62962962962963,
        85.37037037037038,
        84.44444444444444,
        85.0,
        85.18518518518519,
        84.07407407407408,
        85.37037037037038,
        85.37037037037038,
        85.18518518518519
    ],
    "lr_evolution": [
        1e-05,
        1e-05,
        1e-05,
        1e-05,
        1e-05,
        1e-05,
        1e-05,
        1e-05,
        1e-05,
        1e-05,
        1e-05,
        1e-05,
        1e-05,
        5e-06,
        5e-06,
        5e-06,
        5e-06,
        5e-06,
        5e-06,
        5e-06,
        5e-06,
        2.5e-06,
        2.5e-06,
        2.5e-06,
        2.5e-06,
        2.5e-06,
        2.5e-06,
        2.5e-06,
        1.25e-06,
        1.25e-06,
        1.25e-06,
        1.25e-06,
        1.25e-06
    ]
}