{
    "LR_0.0005_Win_3_Alpha_0.84": {
        "best_val_loss": 0.1625493038583685
    },
    "LR_0.0005_Win_3_Alpha_0.9": {
        "best_val_loss": 0.15964779257774353
    },
    "LR_0.0005_Win_3_Alpha_0.95": {
        "best_val_loss": 0.19314580935019035
    },
    "LR_0.0005_Win_5_Alpha_0.84": {
        "best_val_loss": 0.14692895787733573
    },
    "LR_0.0005_Win_5_Alpha_0.9": {
        "best_val_loss": 0.16124192321742023
    },
    "LR_0.0005_Win_5_Alpha_0.95": {
        "best_val_loss": 0.15018356122352458
    },
    "LR_0.0001_Win_3_Alpha_0.84": {
        "best_val_loss": 0.19307775442247038
    },
    "LR_0.0001_Win_3_Alpha_0.9": {
        "best_val_loss": 0.15472483469380272
    },
    "LR_0.0001_Win_3_Alpha_0.95": {
        "best_val_loss": 0.15636790836298908
    },
    "LR_0.0001_Win_5_Alpha_0.84": {
        "best_val_loss": 0.15179615760291065
    },
    "LR_0.0001_Win_5_Alpha_0.9": {
        "best_val_loss": 0.15209890030048512
    },
    "LR_0.0001_Win_5_Alpha_0.95": {
        "best_val_loss": 0.21566397404229198
    }
}