{
    "train_loss": [
        1.1405363019919754,
        1.1001330794939643,
        1.070050684964496,
        1.026340231524279,
        1.013904346749364,
        1.0218649611196602,
        0.9850987694962239,
        0.981005794761482,
        0.9479695842131629,
        0.9445545528974677,
        0.9390045988171511,
        0.8879960814669929,
        0.8642343812466047,
        0.8574519502539025,
        0.8658420183622619,
        0.868736578984522,
        0.8349339636286826,
        0.8672302341158188,
        0.8417815201523002,
        0.8337300081306076,
        0.8451623517052346,
        0.8084750267794627,
        0.8287642623717298,
        0.817615597138242,
        0.8104675005502981,
        0.788620452638464,
        0.7916246763385412,
        0.7900285791366037,
        0.799852513623105,
        0.7734192583748422,
        0.7710693800515651,
        0.7727222433158384,
        0.7854631457942359,
        0.7497124112817009,
        0.7584583109290568,
        0.742110210576637,
        0.7526460870851875,
        0.7328447703334242,
        0.7427223615460778,
        0.7312544663810275,
        0.7281988959543472,
        0.7202878134699451,
        0.73740701887511,
        0.7005848550342018,
        0.7023260279531229,
        0.7081776269377935,
        0.7279903271351663,
        0.6974966597992622
    ],
    "train_acc": [
        52.93884034948372,
        53.17712470214456,
        54.845115170770455,
        57.02938840349484,
        56.8308181096108,
        56.51310563939634,
        58.5385226370135,
        57.903097696584595,
        59.57108816521048,
        58.77680698967435,
        59.213661636219214,
        62.271644162033354,
        64.29706115965051,
        63.860206513105645,
        62.78792692613185,
        63.224781572676726,
        65.68705321683876,
        62.23193010325655,
        63.30420969023034,
        63.741064336775224,
        64.33677521842732,
        66.52104845115171,
        65.76648133439238,
        65.40905480540111,
        66.52104845115171,
        68.86417791898332,
        65.76648133439238,
        66.75933280381255,
        65.60762509928514,
        67.27561556791105,
        67.67275615567911,
        67.99046862589357,
        66.91818903891978,
        68.26846703733122,
        67.43447180301827,
        69.8967434471803,
        67.75218427323273,
        69.06274821286735,
        68.90389197776013,
        68.7053216838761,
        69.73788721207306,
        69.69817315329627,
        70.21445591739476,
        70.65131056393965,
        71.04845115170771,
        69.8967434471803,
        69.3010325655282,
        70.41302621127879
    ],
    "val_loss": [
        1.0610098079398826,
        0.9942334850629171,
        0.9762407801769398,
        0.9028256173487063,
        0.9585594159585459,
        0.8678904630519726,
        0.8409775305677343,
        0.8220737214441652,
        0.7928814115347685,
        0.8080328636699252,
        0.7730404513853567,
        0.7200641181733873,
        0.7122066771542584,
        0.6984881268607246,
        0.7046665425653811,
        0.6820651888847351,
        0.6842216774269386,
        0.7046423086413631,
        0.663652178534755,
        0.6583884508521468,
        0.6781983662534643,
        0.6511797485528169,
        0.6373613821135626,
        0.6260892594302142,
        0.612207798604612,
        0.6238930432884782,
        0.6109360973040263,
        0.6262573573324416,
        0.6043068400135747,
        0.629828468075505,
        0.6325691333523503,
        0.624366436181245,
        0.6062717247892309,
        0.594904120321627,
        0.5803595900535583,
        0.5749040237179509,
        0.586522908563967,
        0.5707728302037275,
        0.5564408174267521,
        0.5744342163757041,
        0.5625400900840759,
        0.5633869926134746,
        0.5659293249801353,
        0.5550495205102144,
        0.5611296772956849,
        0.5585197241218002,
        0.5692011740472581,
        0.5643901467323303
    ],
    "val_acc": [
        53.70370370370371,
        65.18518518518519,
        62.22222222222222,
        65.92592592592592,
        47.592592592592595,
        73.51851851851852,
        71.48148148148148,
        69.44444444444444,
        71.29629629629629,
        72.03703703703704,
        68.51851851851852,
        71.66666666666667,
        71.66666666666667,
        74.25925925925925,
        75.92592592592592,
        78.70370370370371,
        76.66666666666667,
        73.51851851851852,
        71.48148148148148,
        74.25925925925925,
        73.33333333333333,
        80.18518518518518,
        79.81481481481481,
        80.92592592592592,
        82.03703703703704,
        80.55555555555556,
        82.03703703703704,
        77.4074074074074,
        82.4074074074074,
        77.96296296296296,
        79.25925925925927,
        80.37037037037037,
        80.92592592592592,
        80.92592592592592,
        82.5925925925926,
        81.48148148148148,
        82.4074074074074,
        83.14814814814815,
        82.77777777777777,
        81.48148148148148,
        83.14814814814815,
        81.48148148148148,
        82.4074074074074,
        82.96296296296296,
        80.92592592592592,
        82.03703703703704,
        81.48148148148148,
        81.48148148148148
    ],
    "lr_evolution": [
        0.0001,
        0.0001,
        0.0001,
        0.0001,
        0.0001,
        0.0001,
        0.0001,
        0.0001,
        0.0001,
        0.0001,
        0.0001,
        5e-05,
        5e-05,
        5e-05,
        5e-05,
        5e-05,
        5e-05,
        5e-05,
        5e-05,
        5e-05,
        5e-05,
        2.5e-05,
        2.5e-05,
        2.5e-05,
        2.5e-05,
        2.5e-05,
        2.5e-05,
        2.5e-05,
        2.5e-05,
        2.5e-05,
        2.5e-05,
        2.5e-05,
        2.5e-05,
        2.5e-05,
        1.25e-05,
        1.25e-05,
        1.25e-05,
        1.25e-05,
        1.25e-05,
        1.25e-05,
        1.25e-05,
        1.25e-05,
        1.25e-05,
        6.25e-06,
        6.25e-06,
        6.25e-06,
        6.25e-06,
        6.25e-06
    ]
}