{"train_loss": [0.43361652254868915, 0.39977493998169233, 0.382421147927488, 0.3503156040423062, 0.3300291241588244, 0.31618117817438623, 0.29359595552146006, 0.2661116617458789, 0.2537843201418923, 0.25348359852958235, 0.2508779216418672, 0.25082935557372993, 0.24776270061234237, 0.24701881179078597, 0.24624358577989605, 0.24579997996284056, 0.24504978096702915, 0.24216651878629628, 0.24075276587480965, 0.24110426598119775, 0.23926058463675337, 0.2383508964769418, 0.23639552492864366, 0.23511764752760683, 0.23336585063703294, 0.23333052772439786, 0.2288400814517137, 0.2259659940307343, 0.2257169043738469, 0.22524446054902506, 0.2268164273265622, 0.2204374907104812, 0.21848380401126916, 0.21599276962736658, 0.21333210004569048, 0.21186260148776345, 0.2069149443301253, 0.20482644011474394, 0.20235407226988963, 0.19928579357903187, 0.19489312344737428, 0.19299597310300287, 0.1906041686169395, 0.19038386764840723, 0.1828868765860346, 0.18353661748035452, 0.18272549186177062, 0.18173819710519032, 0.18007926492581205, 0.1768359900633431, 0.1736694118089388, 0.17245204893486002, 0.17119529457486177, 0.16890154506735994, 0.16702441065154253, 0.16826048100439683, 0.16485928898533722, 0.16199386962545212, 0.1607189482762948, 0.15825214761888537], "val_loss": [0.3967472822577865, 0.3825792279508379, 0.3601451564718176, 0.33191620928269844, 0.32129338295371446, 0.3020003468902023, 0.2802783286129987, 0.2593244367175632, 0.24955895587250038, 0.24701869863050954, 0.24670474109826265, 0.24784395540202106, 0.24387456774711608, 0.2456732482821853, 0.2422819060307962, 0.24154420539184854, 0.239880097022763, 0.2379677419309263, 0.23588736796820606, 0.23742244000788087, 0.23723612527052562, 0.2343297482640655, 0.2334216402636634, 0.23056462473339503, 0.22863336547657295, 0.22765369536700072, 0.22643369712211467, 0.22429875356179696, 0.2244946848463129, 0.22309234065038186, 0.22247151842823734, 0.2153244133348818, 0.2161255669814569, 0.2139983583379675, 0.20865827887146562, 0.2088941568577731, 0.20573744829054233, 0.20010802094583158, 0.19930375085936652, 0.19640219807624817, 0.18905282704918472, 0.18776800455870452, 0.1878843547017486, 0.18470350393542537, 0.1831334791801594, 0.18040611997798636, 0.17922716427732396, 0.17694247894816928, 0.17628621624575722, 0.1732817496414538, 0.17105501029226516, 0.17159761278717606, 0.17339126368363697, 0.16451788798526482, 0.16685361630386777, 0.16847908276098747, 0.16198089751932357, 0.15631155912522918, 0.1591314948267407, 0.15437597224005947], "lr": [0.0005, 0.0005, 0.0005, 0.0005, 0.0005, 0.0005, 0.0005, 0.0005, 0.0005, 0.0005, 0.0005, 0.0005, 0.0005, 0.0005, 0.0005, 0.0005, 0.0005, 0.0005, 0.0005, 0.0005, 0.0005, 0.0005, 0.0005, 0.0005, 0.0005, 0.0005, 0.0005, 0.0005, 0.0005, 0.0005, 0.0005, 0.0005, 0.0005, 0.0005, 0.0005, 0.0005, 0.0005, 0.0005, 0.0005, 0.0005, 0.0005, 0.0005, 0.0005, 0.0005, 0.0005, 0.0005, 0.0005, 0.0005, 0.0005, 0.0005, 0.0005, 0.0005, 0.0005, 0.0005, 0.0005, 0.0005, 0.0005, 0.0005, 0.0005, 0.0005]}